{"mean":{"confidence_interval":{"confidence_level":0.95,"lower_bound":441431610.5724018,"upper_bound":442653059.7348875},"point_estimate":441930162.3214146,"standard_error":320056.2049660133},"median":{"confidence_interval":{"confidence_level":0.95,"lower_bound":441111403.35064006,"upper_bound":441475217.67241377},"point_estimate":441231245.9411539,"standard_error":83887.04027699343},"median_abs_dev":{"confidence_interval":{"confidence_level":0.95,"lower_bound":333742.38245776546,"upper_bound":904404.0290973043},"point_estimate":623836.6033895196,"standard_error":152803.23099212509},"slope":{"confidence_interval":{"confidence_level":0.95,"lower_bound":441408643.1593018,"upper_bound":442219346.6175182},"point_estimate":441769544.4325022,"standard_error":207937.01942946983},"std_dev":{"confidence_interval":{"confidence_level":0.95,"lower_bound":911800.3525778152,"upper_bound":4093805.1172089675},"point_estimate":2568992.777682772,"standard_error":1017357.9359113413}}