{"mean":{"confidence_interval":{"confidence_level":0.95,"lower_bound":77394583.42881915,"upper_bound":77620118.38429233},"point_estimate":77498738.4954238,"standard_error":57938.89455528768},"median":{"confidence_interval":{"confidence_level":0.95,"lower_bound":77296878.43333334,"upper_bound":77459097.34006591},"point_estimate":77360813.0035636,"standard_error":37791.63001801486},"median_abs_dev":{"confidence_interval":{"confidence_level":0.95,"lower_bound":147877.2261799118,"upper_bound":287137.04645869246},"point_estimate":214973.90988726725,"standard_error":36277.293054444206},"slope":{"confidence_interval":{"confidence_level":0.95,"lower_bound":77340998.18140653,"upper_bound":77425848.9324051},"point_estimate":77382465.7948457,"standard_error":21656.222794270005},"std_dev":{"confidence_interval":{"confidence_level":0.95,"lower_bound":275438.5888138066,"upper_bound":617214.9186598426},"point_estimate":468683.3800661212,"standard_error":87150.73426843547}}