{"mean":{"confidence_interval":{"confidence_level":0.95,"lower_bound":821029758.4458005,"upper_bound":821847783.0920248},"point_estimate":821424542.8645833,"standard_error":208713.3866609287},"median":{"confidence_interval":{"confidence_level":0.95,"lower_bound":820629651.6666666,"upper_bound":821511404.75},"point_estimate":820988474.2083334,"standard_error":235209.67526211357},"median_abs_dev":{"confidence_interval":{"confidence_level":0.95,"lower_bound":1023812.5005737536,"upper_bound":1990320.4118147492},"point_estimate":1394858.1010864363,"standard_error":255896.3878803889},"slope":null,"std_dev":{"confidence_interval":{"confidence_level":0.95,"lower_bound":1279328.256702612,"upper_bound":2005152.29573639},"point_estimate":1676464.7318765481,"standard_error":185900.87714329362}}