{"mean":{"confidence_interval":{"confidence_level":0.95,"lower_bound":1050718435.9233506,"upper_bound":1052096741.0642362},"point_estimate":1051391961.1302081,"standard_error":351392.095629261},"median":{"confidence_interval":{"confidence_level":0.95,"lower_bound":1050410126.8333333,"upper_bound":1052088962.4444444},"point_estimate":1051335371.2777778,"standard_error":443231.0485105578},"median_abs_dev":{"confidence_interval":{"confidence_level":0.95,"lower_bound":1806321.2301313877,"upper_bound":3220440.0592857185},"point_estimate":2577777.5475353296,"standard_error":398629.90646155423},"slope":null,"std_dev":{"confidence_interval":{"confidence_level":0.95,"lower_bound":2194940.0541644334,"upper_bound":3504251.0930527938},"point_estimate":2845866.5489964653,"standard_error":340345.89721225103}}