{"mean":{"confidence_interval":{"confidence_level":0.95,"lower_bound":273857368.72235644,"upper_bound":274127676.8774},"point_estimate":273989009.2481597,"standard_error":69199.28729707409},"median":{"confidence_interval":{"confidence_level":0.95,"lower_bound":273775440.6875,"upper_bound":274060496.2987288},"point_estimate":273870002.9357287,"standard_error":73997.74921180168},"median_abs_dev":{"confidence_interval":{"confidence_level":0.95,"lower_bound":344743.89985419816,"upper_bound":627254.6021139879},"point_estimate":470380.5182461292,"standard_error":76546.0924411159},"slope":{"confidence_interval":{"confidence_level":0.95,"lower_bound":273950570.3516888,"upper_bound":274246182.0102982},"point_estimate":274093834.3806462,"standard_error":75535.27115790683},"std_dev":{"confidence_interval":{"confidence_level":0.95,"lower_bound":433299.08097227296,"upper_bound":657405.6767055363},"point_estimate":554659.2654987576,"standard_error":57332.96418929556}}