{"mean":{"confidence_interval":{"confidence_level":0.95,"lower_bound":54824228.53838446,"upper_bound":54950823.49366301},"point_estimate":54881068.01100313,"standard_error":32431.78456920221},"median":{"confidence_interval":{"confidence_level":0.95,"lower_bound":54798103.42424242,"upper_bound":54890114.654320985},"point_estimate":54835013.80126436,"standard_error":24998.595803823377},"median_abs_dev":{"confidence_interval":{"confidence_level":0.95,"lower_bound":110284.58008313291,"upper_bound":220242.61185899208},"point_estimate":165118.10775606628,"standard_error":29419.80659189065},"slope":{"confidence_interval":{"confidence_level":0.95,"lower_bound":54827043.30969645,"upper_bound":54911466.7407151},"point_estimate":54868956.22850514,"standard_error":21457.635813539746},"std_dev":{"confidence_interval":{"confidence_level":0.95,"lower_bound":144652.8141200389,"upper_bound":380300.86840202095},"point_estimate":260300.18332355417,"standard_error":69466.67200581881}}