{"mean":{"confidence_interval":{"confidence_level":0.95,"lower_bound":276321573.4362363,"upper_bound":276593607.0740248},"point_estimate":276449377.9333133,"standard_error":69578.85588173229},"median":{"confidence_interval":{"confidence_level":0.95,"lower_bound":276228343.9498553,"upper_bound":276528451.34615386},"point_estimate":276328577.15,"standard_error":67577.17793553423},"median_abs_dev":{"confidence_interval":{"confidence_level":0.95,"lower_bound":248817.40531237167,"upper_bound":508245.3608935029},"point_estimate":406563.9992642542,"standard_error":61490.465391358535},"slope":{"confidence_interval":{"confidence_level":0.95,"lower_bound":276201911.7433182,"upper_bound":276431452.4555142},"point_estimate":276310968.1727024,"standard_error":58731.42711429926},"std_dev":{"confidence_interval":{"confidence_level":0.95,"lower_bound":371045.25292420224,"upper_bound":750245.085715693},"point_estimate":561692.9979722791,"standard_error":100331.49204117367}}