{"mean":{"confidence_interval":{"confidence_level":0.95,"lower_bound":76881897.49325085,"upper_bound":77033503.49279304},"point_estimate":76954447.8909814,"standard_error":38821.986616485934},"median":{"confidence_interval":{"confidence_level":0.95,"lower_bound":76809822.055,"upper_bound":76960845.93965517},"point_estimate":76898210.13316993,"standard_error":37017.82749083417},"median_abs_dev":{"confidence_interval":{"confidence_level":0.95,"lower_bound":155444.67210691585,"upper_bound":298390.8284657197},"point_estimate":213609.63967641976,"standard_error":36198.1522464047},"slope":{"confidence_interval":{"confidence_level":0.95,"lower_bound":76929991.35636523,"upper_bound":77181899.0739105},"point_estimate":77051875.70803332,"standard_error":64243.55343875426},"std_dev":{"confidence_interval":{"confidence_level":0.95,"lower_bound":222401.5725580829,"upper_bound":389799.41750533954},"point_estimate":312251.4847358978,"standard_error":42818.99894836361}}