{"mean":{"confidence_interval":{"confidence_level":0.95,"lower_bound":549142995.8936453,"upper_bound":549625979.3479631},"point_estimate":549378435.6753441,"standard_error":123293.98190667885},"median":{"confidence_interval":{"confidence_level":0.95,"lower_bound":548972719.25,"upper_bound":549552615.3259804},"point_estimate":549154048.554054,"standard_error":151261.5398367264},"median_abs_dev":{"confidence_interval":{"confidence_level":0.95,"lower_bound":622896.587741375,"upper_bound":1264324.1163800128},"point_estimate":828952.190050664,"standard_error":150115.79456614013},"slope":{"confidence_interval":{"confidence_level":0.95,"lower_bound":549037699.2986755,"upper_bound":549454810.4792976},"point_estimate":549231097.8898815,"standard_error":106431.9431275365},"std_dev":{"confidence_interval":{"confidence_level":0.95,"lower_bound":815711.7560032556,"upper_bound":1139417.79894541},"point_estimate":993738.2360473812,"standard_error":82494.31800626282}}