{"mean":{"confidence_interval":{"confidence_level":0.95,"lower_bound":14620859.18055077,"upper_bound":14791243.80198476},"point_estimate":14700448.188383194,"standard_error":43545.85956667285},"median":{"confidence_interval":{"confidence_level":0.95,"lower_bound":14501827.298059965,"upper_bound":14740559.488095239},"point_estimate":14644583.28021978,"standard_error":58850.09995176651},"median_abs_dev":{"confidence_interval":{"confidence_level":0.95,"lower_bound":191083.37704202844,"upper_bound":410716.419029015},"point_estimate":329200.6115860775,"standard_error":55828.80292674451},"slope":{"confidence_interval":{"confidence_level":0.95,"lower_bound":14471278.304822005,"upper_bound":14579217.257782433},"point_estimate":14517120.132001236,"standard_error":27573.61426542861},"std_dev":{"confidence_interval":{"confidence_level":0.95,"lower_bound":238808.1828505178,"upper_bound":475605.4118165251},"point_estimate":352232.0836428239,"standard_error":65277.28371122618}}