{"mean":{"confidence_interval":{"confidence_level":0.95,"lower_bound":540767638.873609,"upper_bound":541844476.9827424},"point_estimate":541225431.0587134,"standard_error":277790.2624234361},"median":{"confidence_interval":{"confidence_level":0.95,"lower_bound":540551181.1037296,"upper_bound":541206469.7586207},"point_estimate":540814252.5086956,"standard_error":171344.49422162358},"median_abs_dev":{"confidence_interval":{"confidence_level":0.95,"lower_bound":696892.1494924126,"upper_bound":1447300.141741006},"point_estimate":994954.8264439333,"standard_error":192160.10853782378},"slope":{"confidence_interval":{"confidence_level":0.95,"lower_bound":540370807.8058883,"upper_bound":541133465.3561176},"point_estimate":540726026.185644,"standard_error":194946.17562185286},"std_dev":{"confidence_interval":{"confidence_level":0.95,"lower_bound":1019189.134584352,"upper_bound":3475470.787514594},"point_estimate":2242281.275146337,"standard_error":776083.9477261204}}