{"mean":{"confidence_interval":{"confidence_level":0.95,"lower_bound":409933430.2285372,"upper_bound":410343952.7854927},"point_estimate":410134505.1434304,"standard_error":104862.8487416272},"median":{"confidence_interval":{"confidence_level":0.95,"lower_bound":409722929.3459384,"upper_bound":410227051.046875},"point_estimate":409926865.4247208,"standard_error":124129.79549218169},"median_abs_dev":{"confidence_interval":{"confidence_level":0.95,"lower_bound":507236.70766432123,"upper_bound":980169.2201510372},"point_estimate":715116.9074394831,"standard_error":129110.32324846806},"slope":{"confidence_interval":{"confidence_level":0.95,"lower_bound":409919169.00450915,"upper_bound":410385463.60630363},"point_estimate":410138546.9148927,"standard_error":118841.44087940571},"std_dev":{"confidence_interval":{"confidence_level":0.95,"lower_bound":690473.680185996,"upper_bound":974135.3617301616},"point_estimate":848010.0450810879,"standard_error":72701.35479473004}}