{"mean":{"confidence_interval":{"confidence_level":0.95,"lower_bound":789384628.2669271,"upper_bound":791594389.5257812},"point_estimate":790336069.2213539,"standard_error":570573.8812458017},"median":{"confidence_interval":{"confidence_level":0.95,"lower_bound":788825255.0,"upper_bound":789441770.4166666},"point_estimate":789108724.25,"standard_error":145764.54353691905},"median_abs_dev":{"confidence_interval":{"confidence_level":0.95,"lower_bound":854703.1661772961,"upper_bound":1928766.3203075232},"point_estimate":1378775.968521863,"standard_error":251180.50599039474},"slope":null,"std_dev":{"confidence_interval":{"confidence_level":0.95,"lower_bound":1837498.2667079628,"upper_bound":7024118.905111199},"point_estimate":4611951.24606949,"standard_error":1445188.4305635737}}