{"mean":{"confidence_interval":{"confidence_level":0.95,"lower_bound":157143326.05157715,"upper_bound":157333960.89316237},"point_estimate":157236691.4591551,"standard_error":48652.73457059687},"median":{"confidence_interval":{"confidence_level":0.95,"lower_bound":157058367.02422002,"upper_bound":157348854.0},"point_estimate":157178882.203125,"standard_error":66588.35468352822},"median_abs_dev":{"confidence_interval":{"confidence_level":0.95,"lower_bound":294882.1865481224,"upper_bound":510353.1812755374},"point_estimate":416007.06593146437,"standard_error":56933.84323974471},"slope":{"confidence_interval":{"confidence_level":0.95,"lower_bound":157027697.8036188,"upper_bound":157213670.64374983},"point_estimate":157115651.57532424,"standard_error":47525.166647108344},"std_dev":{"confidence_interval":{"confidence_level":0.95,"lower_bound":314763.8541293508,"upper_bound":461271.67996556376},"point_estimate":392739.4231934594,"standard_error":37651.123195895554}}