{"mean":{"confidence_interval":{"confidence_level":0.95,"lower_bound":205335378.96026018,"upper_bound":208030203.2978856},"point_estimate":206690316.4669533,"standard_error":685181.8092544958},"median":{"confidence_interval":{"confidence_level":0.95,"lower_bound":201288760.0079365,"upper_bound":210723811.2609649},"point_estimate":210397110.7625,"standard_error":3310560.8819068926},"median_abs_dev":{"confidence_interval":{"confidence_level":0.95,"lower_bound":1538695.6880576983,"upper_bound":8743071.620605106},"point_estimate":7140487.826438802,"standard_error":2273245.726567415},"slope":{"confidence_interval":{"confidence_level":0.95,"lower_bound":201843471.57575077,"upper_bound":203607264.25736624},"point_estimate":202603151.85147583,"standard_error":450697.9054225394},"std_dev":{"confidence_interval":{"confidence_level":0.95,"lower_bound":5124105.996475343,"upper_bound":5855546.071090457},"point_estimate":5534187.374291179,"standard_error":186591.41033679887}}