{"mean":{"confidence_interval":{"confidence_level":0.95,"lower_bound":18172090.399822496,"upper_bound":18214721.828027476},"point_estimate":18192097.669703096,"standard_error":10874.230776131299},"median":{"confidence_interval":{"confidence_level":0.95,"lower_bound":18156020.24456522,"upper_bound":18194187.59955357},"point_estimate":18175275.53405256,"standard_error":9586.828934239878},"median_abs_dev":{"confidence_interval":{"confidence_level":0.95,"lower_bound":40753.09730861799,"upper_bound":87600.88749328634},"point_estimate":76992.2720156804,"standard_error":12208.124505681464},"slope":{"confidence_interval":{"confidence_level":0.95,"lower_bound":18179901.528865196,"upper_bound":18223776.449041475},"point_estimate":18199453.49837391,"standard_error":11243.535395019166},"std_dev":{"confidence_interval":{"confidence_level":0.95,"lower_bound":57852.01665168074,"upper_bound":119117.32112340645},"point_estimate":87589.99926297551,"standard_error":16671.6700080049}}