{"mean":{"confidence_interval":{"confidence_level":0.95,"lower_bound":850842436.0280893,"upper_bound":852252489.2343752},"point_estimate":851506402.1690344,"standard_error":360473.0850050902},"median":{"confidence_interval":{"confidence_level":0.95,"lower_bound":850246330.5454545,"upper_bound":851494156.5454545},"point_estimate":850886185.2272727,"standard_error":298517.65779444075},"median_abs_dev":{"confidence_interval":{"confidence_level":0.95,"lower_bound":1656361.9710209856,"upper_bound":3018351.6281499024},"point_estimate":2489782.4311430366,"standard_error":364525.0853845527},"slope":null,"std_dev":{"confidence_interval":{"confidence_level":0.95,"lower_bound":1997746.534919124,"upper_bound":3781415.5324121406},"point_estimate":2909183.1062762886,"standard_error":467203.75518914714}}