{"mean":{"confidence_interval":{"confidence_level":0.95,"lower_bound":97575576.34678534,"upper_bound":97743790.88713327},"point_estimate":97655809.9806366,"standard_error":42974.853554516085},"median":{"confidence_interval":{"confidence_level":0.95,"lower_bound":97491882.41333333,"upper_bound":97678612.33888888},"point_estimate":97606645.1026936,"standard_error":40259.35896800568},"median_abs_dev":{"confidence_interval":{"confidence_level":0.95,"lower_bound":200327.6661269176,"upper_bound":346549.20124752284},"point_estimate":289576.572071219,"standard_error":38316.527643864465},"slope":{"confidence_interval":{"confidence_level":0.95,"lower_bound":97610480.49592462,"upper_bound":97755571.64248443},"point_estimate":97683078.2929599,"standard_error":36946.797909935776},"std_dev":{"confidence_interval":{"confidence_level":0.95,"lower_bound":248197.3166975316,"upper_bound":431997.34277914936},"point_estimate":346706.3548705635,"standard_error":47101.12000307343}}